Top pages,Clicks,Impressions,CTR,Position
https://telawa.org/,20,550,3.64%,9.56
https://telawa.org/books,16,174,9.2%,9.39
https://www.telawa.org/reciters/saad-al-ghamdi,2,293,0.68%,7.85
https://telawa.org/developers,2,29,6.9%,5.55
https://www.telawa.org/hadith,2,26,7.69%,7.81
https://www.telawa.org/about,2,12,16.67%,6.42
https://www.telawa.org/books,2,11,18.18%,32.91
https://telawa.org/reciters/yasser-al-dosari,1,1414,0.07%,7.84
https://telawa.org/reciters/maher-al-muaiqly,1,80,1.25%,8.28
https://telawa.org/hadith,1,26,3.85%,7.15
https://www.telawa.org/reciters/yasser-al-dosari,0,625,0%,9.01
https://telawa.org/reciters/mishary-rashid-alafasy,0,353,0%,10.97
https://www.telawa.org/reciters/mishary-rashid-alafasy,0,226,0%,9.94
https://telawa.org/mcp,0,209,0%,8.74
https://telawa.org/surah/80,0,196,0%,48.48
https://www.telawa.org/reciters/maher-al-muaiqly,0,173,0%,8.63
https://telawa.org/reciters/abdul-rahman-al-sudais,0,171,0%,9.39
https://telawa.org/reciters/mahmoud-al-husary,0,129,0%,7.41
https://telawa.org/reciters/abdul-basit-abdul-samad,0,124,0%,8.35
https://www.telawa.org/reciters/mahmoud-al-husary,0,99,0%,7.58
https://telawa.org/qibla,0,85,0%,17.62
https://www.telawa.org/reciters/abdul-basit-abdul-samad,0,79,0%,8.73
https://telawa.org/reciters/mohamed-siddiq-al-minshawi,0,53,0%,9.09
https://www.telawa.org/surah/59,0,50,0%,44.76
https://www.telawa.org/qibla,0,47,0%,19.19
https://telawa.org/reciters/ali-al-hudhaify,0,37,0%,9.22
https://www.telawa.org/surah/13,0,32,0%,46.44
https://www.telawa.org/surah/83,0,28,0%,52.96
https://telawa.org/reciters,0,26,0%,9.08
https://www.telawa.org/reciters/abu-baker-ash-shaatree,0,24,0%,6.88
https://www.telawa.org/reciters,0,24,0%,16.67
https://telawa.org/about,0,22,0%,17.32
https://telawa.org/reciters/saad-al-ghamdi,0,21,0%,8.29
https://telawa.org/surah/83,0,21,0%,37.76
https://www.telawa.org/surah/80,0,21,0%,52.48
https://telawa.org/surah/1,0,19,0%,36.84
https://www.telawa.org/surah/9,0,17,0%,51.06
https://telawa.org/surah/114,0,16,0%,13.81
https://www.telawa.org/duas/93,0,16,0%,40.06
https://www.telawa.org/developers,0,14,0%,25.14
https://www.telawa.org/surah/43,0,14,0%,62.21
https://www.telawa.org/duas/16,0,13,0%,10.77
https://telawa.org/quran,0,12,0%,6.17
https://telawa.org/contact,0,12,0%,18
https://www.telawa.org/duas/49,0,11,0%,11.18
https://telawa.org/prayer-times,0,11,0%,31.45
https://telawa.org/duas,0,11,0%,32.73
https://telawa.org/surah/2,0,10,0%,27.4
https://www.telawa.org/surah/67,0,10,0%,32.5
https://telawa.org/surah/41,0,10,0%,67.5
https://www.telawa.org/surah/36,0,9,0%,11.11
https://telawa.org/surah/55,0,9,0%,15.44
https://www.telawa.org/surah/54,0,9,0%,37.11
https://telawa.org/surah/59,0,9,0%,45.67
https://www.telawa.org/reciters/abdul-rahman-al-sudais,0,8,0%,9.12
https://telawa.org/privacy,0,7,0%,11.29
https://telawa.org/surah/18,0,7,0%,19.43
https://www.telawa.org/surah/114,0,7,0%,32.57
https://telawa.org/surah/13,0,7,0%,44
https://www.telawa.org/prayer-times,0,7,0%,53.29
https://www.telawa.org/contact,0,6,0%,7
https://telawa.org/surah/113,0,6,0%,13.33
https://telawa.org/surah/67,0,6,0%,21.83
https://www.telawa.org/duas/3,0,6,0%,51.5
https://www.telawa.org/surah/39,0,6,0%,57.83
https://www.telawa.org/,0,5,0%,6
https://www.telawa.org/surah/18,0,5,0%,7.2
https://telawa.org/surah/112,0,5,0%,13
https://www.telawa.org/duas/130,0,5,0%,24
https://telawa.org/surah/36,0,5,0%,25.8
https://www.telawa.org/duas/2,0,5,0%,29.8
https://telawa.org/surah/81,0,5,0%,41.6
https://www.telawa.org/duas/26,0,4,0%,7.25
https://www.telawa.org/duas/60,0,4,0%,10.5
https://www.telawa.org/surah/113,0,4,0%,19.5
https://www.telawa.org/duas/127,0,4,0%,24.5
https://www.telawa.org/duas/57,0,4,0%,29.25
https://telawa.org/surah/9,0,4,0%,54.5
https://www.telawa.org/surah/2,0,3,0%,9.33
https://telawa.org/duas/49,0,3,0%,14
https://www.telawa.org/duas/91,0,3,0%,21.67
https://www.telawa.org/duas/41,0,3,0%,22.67
https://www.telawa.org/duas/81,0,3,0%,36
https://www.telawa.org/duas,0,3,0%,42
https://www.telawa.org/surah/45,0,3,0%,57.33
https://telawa.org/surah/39,0,2,0%,5
https://www.telawa.org/duas/29,0,2,0%,6.5
https://www.telawa.org/quran,0,2,0%,7
https://www.telawa.org/privacy,0,2,0%,8
https://telawa.org/surah/53,0,2,0%,9
https://www.telawa.org/duas/94,0,2,0%,9
https://www.telawa.org/surah/52,0,2,0%,9
https://www.telawa.org/duas/124,0,2,0%,9.5
https://telawa.org/surah/10,0,2,0%,10.5
https://www.telawa.org/duas/47,0,2,0%,11
https://www.telawa.org/duas/72,0,2,0%,11.5
https://www.telawa.org/surah/49,0,2,0%,15
https://www.telawa.org/duas/54,0,2,0%,16
https://www.telawa.org/surah/40,0,2,0%,17
https://telawa.org/duas/127,0,2,0%,23.5
https://www.telawa.org/surah/42,0,2,0%,26
https://www.telawa.org/duas/64,0,2,0%,28.5
https://telawa.org/surah/99,0,2,0%,30.5
https://www.telawa.org/duas/52,0,2,0%,31.5
https://telawa.org/surah/71,0,2,0%,32
https://telawa.org/surah/52,0,2,0%,45
https://telawa.org/duas/60,0,2,0%,45.5
https://telawa.org/surah/26,0,2,0%,57.5
https://telawa.org/surah/57,0,2,0%,67
https://telawa.org/surah/87,0,2,0%,85
https://www.telawa.org/duas/31,0,1,0%,1
https://www.telawa.org/surah/48,0,1,0%,5
https://telawa.org/surah/40,0,1,0%,7
https://telawa.org/surah/42,0,1,0%,7
https://www.telawa.org/duas/11,0,1,0%,7
https://www.telawa.org/duas/111,0,1,0%,7
https://www.telawa.org/surah/5,0,1,0%,7
https://www.telawa.org/surah/19,0,1,0%,8
https://telawa.org/reciters/abu-baker-ash-shaatree,0,1,0%,9
https://telawa.org/surah/56,0,1,0%,9
https://telawa.org/duas/27,0,1,0%,10
https://telawa.org/surah/43,0,1,0%,10
https://www.telawa.org/duas/98,0,1,0%,10
https://www.telawa.org/surah/57,0,1,0%,10
https://www.telawa.org/duas/71,0,1,0%,12
https://telawa.org/duas/37,0,1,0%,13
https://telawa.org/surah/21,0,1,0%,16
https://telawa.org/surah/60,0,1,0%,18
https://www.telawa.org/duas/126,0,1,0%,19
https://telawa.org/surah/7,0,1,0%,20
https://telawa.org/surah/47,0,1,0%,21
https://telawa.org/duas/130,0,1,0%,22
https://telawa.org/surah/79,0,1,0%,23
https://telawa.org/surah/50,0,1,0%,25
https://telawa.org/surah/68,0,1,0%,28
https://telawa.org/surah/106,0,1,0%,32
https://telawa.org/surah/95,0,1,0%,33
https://telawa.org/surah/92,0,1,0%,37
https://www.telawa.org/duas/1,0,1,0%,39
https://www.telawa.org/surah/103,0,1,0%,40
https://telawa.org/surah/72,0,1,0%,41
https://www.telawa.org/surah/90,0,1,0%,41
https://www.telawa.org/surah/111,0,1,0%,45
https://telawa.org/surah/34,0,1,0%,46
https://www.telawa.org/duas/84,0,1,0%,54
https://www.telawa.org/duas/112,0,1,0%,55
https://www.telawa.org/duas/58,0,1,0%,56
https://www.telawa.org/duas/87,0,1,0%,60
https://www.telawa.org/duas/120,0,1,0%,67
https://www.telawa.org/surah/20,0,1,0%,70
https://telawa.org/surah/19,0,1,0%,73
https://www.telawa.org/duas/66,0,1,0%,77
https://www.telawa.org/duas/34,0,1,0%,78