Top queries,Clicks,Impressions,CTR,Position
telawa,7,128,5.47%,3.89
أمهات الكتب الإسلامية pdf,7,47,14.89%,2.74
sheikh maher al muaiqly biography,1,5,20%,11.2
كتب pdf اسلامية,1,1,100%,22
yasser al-dosari saudi quran reciter biography official,0,114,0%,9.1
yasser al-dosari saudi quran reciter biography imam masjid al-haram,0,94,0%,7.7
yasser al-dosari imam masjid al-haram quran reciter biography,0,90,0%,7.1
surah abasa,0,85,0%,48.84
mishary rashid alafasy official biography quran reciter kuwait,0,50,0%,9.26
quran mcp,0,48,0%,7.08
abasa,0,37,0%,57.43
tafsir mcp,0,32,0%,9.34
القبلة,0,31,0%,35.1
abdul basit abdus samad egyptian quran reciter biography official,0,29,0%,8.76
سعد الغامدي قارئ سعودي سيرة,0,23,0%,8.87
yasser al-dosari official biography quran reciter,0,22,0%,9.27
mahmoud khalil al-hussary egyptian quran reciter biography official,0,20,0%,7.55
surah hashr,0,20,0%,45.3
yasser al-dosari saudi imam quran reciter biography,0,19,0%,8.26
مشاري راشد العفاسي official biography quran reciter kuwait,0,19,0%,8.79
yasser al-dosari quran reciter imam masjid al-haram biography,0,17,0%,8.24
yasser al-dosari quran reciter biography,0,16,0%,8.88
القبله,0,15,0%,8.27
saad al ghamdi saudi quran reciter biography,0,15,0%,8.73
saad al-ghamdi saudi quran reciter biography official,0,14,0%,7.64
أمهات الكتب الإسلامية,0,14,0%,8.57
surah al hashr,0,14,0%,46.93
abasa surah,0,14,0%,47.93
yasser al-dosari quran reciter biography official,0,13,0%,8.77
mishary rashid alafasy official biography quran reciter imam kuwait,0,12,0%,8.67
yasser al-dosari quran reciter official biography,0,12,0%,9.67
بارك الله فيك,0,12,0%,42.67
surah mutaffifin,0,12,0%,55.25
mcp tafsir,0,11,0%,8.73
yasser al-dosari saudi quran reciter official biography,0,11,0%,9.27
abdul basit abdus samad egyptian quran reciter biography,0,11,0%,9.82
ar raad,0,11,0%,40
abasa watawala,0,11,0%,41.27
surah al abasa,0,11,0%,47.73
telawah,0,10,0%,8
sheikh yasser al-dosari biography,0,10,0%,11.6
tilawa coran,0,10,0%,13.8
mahmoud khalil al-husary egyptian quran reciter biography,0,9,0%,7.67
mahmoud khalil al-hussary egyptian quran reciter biography,0,9,0%,9.11
"abdul basit abdus samad egyptian quran reciter biography birth death 
official",0,9,0%,10.33
surah abasa translation,0,9,0%,55.67
telaw,0,8,0%,3.5
saad al ghamdi saudi quran reciter biography official,0,8,0%,5.75
اتجاه القبلة,0,8,0%,9.12
surah fussilat,0,8,0%,76.62
mahmoud khalil al-husary egyptian quran reciter biography official,0,7,0%,6
القبلع,0,7,0%,8.29
سعد الغامدي تاريخ ومكان الميلاد,0,7,0%,9.57
mishary rashid alafasy official website biography,0,7,0%,10.43
telawa academy,0,7,0%,17
at'tilaawa,0,7,0%,28.57
surah mutaffifin full,0,7,0%,48.57
الفبله,0,6,0%,6.33
yasser al-dosari official quran reciter biography,0,6,0%,7.83
yasser al-dosari saudi quran reciter imam biography,0,6,0%,8.67
القلبه,0,6,0%,9
mishary rashid alafasy official biography kuwait quran reciter,0,6,0%,9.33
surah ar ra d,0,6,0%,41.67
surah zukhruf,0,6,0%,68.17
saad al ghamdi quran reciter biography,0,5,0%,5
تحقق من صحة الحديث,0,5,0%,8.2
mishary rashid alafasy official biography quran reciter,0,5,0%,9
عبد الرحمن السديس إمام المسجد الحرام biography official,0,5,0%,9.2
mishary rashid alafasy biography official,0,5,0%,10.2
yasser al dosari biography,0,5,0%,10.8
sheikh yasser al dosari biography,0,5,0%,11.6
surah abasa watawala,0,5,0%,35.4
al hashr,0,5,0%,45.4
al qamar,0,5,0%,50
surah raad,0,5,0%,53.4
الدوسري,0,4,0%,5.25
yasser al-dosari quran reciter biography imam masjid al-haram,0,4,0%,7.5
mahmoud khalil al-husary official biography quran reciter,0,4,0%,7.75
mishary rashid alafasy biography quran reciter kuwait,0,4,0%,10
ياسر الدوسري من اي بلد,0,4,0%,11.25
أناسا,0,4,0%,36.25
al abasa,0,4,0%,45.75
surat abasa,0,4,0%,51
tilawah,0,4,0%,52.75
what is tilawa,0,4,0%,74.5
تلحوا,0,3,0%,8
biodata sheikh yasser al dosari,0,3,0%,9.33
yasser al-dosari imam quran reciter biography,0,3,0%,9.33
yasser al-dosari quran reciter official profile,0,3,0%,9.67
الالقبله,0,3,0%,9.67
هل هذا البيت صحيح,0,3,0%,9.67
mishary rashid alafasy biography official quran reciter kuwait,0,3,0%,10.67
tallawa,0,3,0%,11
اقبله,0,3,0%,20
القلبة,0,3,0%,25
mishary alafasy,0,3,0%,26.67
surah ra d,0,3,0%,48.33
abasa wa tawala,0,3,0%,49.33
surah al-mutaffifin,0,3,0%,49.33
sourat abasa,0,3,0%,50
surah al mutaffifin,0,3,0%,52.33
surah at taubah,0,3,0%,54.33
tilawa meaning,0,3,0%,70.67
surah az zukhruf,0,3,0%,71.67
متى ولد الشيخ ياسر الدوسري,0,2,0%,1
نعم,0,2,0%,2.5
sheikh yasser al dosari,0,2,0%,3
ياسر الدوسري,0,2,0%,5
maher al-muaiqly quran reciter biography official,0,2,0%,7
saad al-ghamdi saudi quran reciter biography,0,2,0%,7.5
maher al muaiqly official biography quran reciter,0,2,0%,8.5
mahmoud khalil al-hussary born,0,2,0%,9
maher al muaiqly saudi quran reciter biography official,0,2,0%,9.5
تلاوو,0,2,0%,10
yasser al-dosary,0,2,0%,13.5
دعاء التعزية,0,2,0%,18
al dosari,0,2,0%,20
al naas,0,2,0%,20.5
'ali al-hudhayfi,0,2,0%,21.5
كتب اسلامية pdf,0,2,0%,27
الدوسري بالانجليزي,0,2,0%,27.5
surah abasa full,0,2,0%,29
surahe baqra,0,2,0%,30.5
hashor,0,2,0%,31.5
تلاوى,0,2,0%,32.5
اتجاه القبله,0,2,0%,33
مواقيت الصلاة تلا,0,2,0%,34.5
al hasr,0,2,0%,37
surah mulk verses,0,2,0%,38
دعاء الثوب الجديد,0,2,0%,41
وفيك بارك الله,0,2,0%,42
where is alafasy from,0,2,0%,43
hashr,0,2,0%,43.5
surah al mutaffifin full,0,2,0%,44
surah al-hashr,0,2,0%,44
ar ra d,0,2,0%,44.5
ar ra,0,2,0%,45
surah ar rad,0,2,0%,46
surah abas,0,2,0%,46.5
كتب اسلامية,0,2,0%,47.5
surah at tawbah,0,2,0%,48
surah taubah full,0,2,0%,48
al mutaffifin,0,2,0%,48.5
abassa,0,2,0%,49
sourate abasa,0,2,0%,51
mutaffifin surah,0,2,0%,51.5
surah abassa,0,2,0%,52.5
surah ar ra'd,0,2,0%,53.5
baqqara,0,2,0%,55
surah taubah,0,2,0%,55.5
mutaffifin,0,2,0%,56
zumar surah,0,2,0%,56
quran surah 13,0,2,0%,56.5
surah az zumar,0,2,0%,57
abasa quran,0,2,0%,58
surah al mulk in arabic text,0,2,0%,58
surah jathiya,0,2,0%,59
surah al mutaffifin translation,0,2,0%,61
surah al naas in english,0,2,0%,67
first surah of the quran,0,2,0%,74.5
what is the first surah of the quran,0,2,0%,75
surah hashr read online,0,2,0%,76
prayer times in masjid nabawi,0,2,0%,96.5
tlawa,0,1,0%,1
مواليد ياسر الدوسري,0,1,0%,1
muslim community?,0,1,0%,2
التحقق من صحة الحديث,0,1,0%,2
تلاور,0,1,0%,2
"""7awel te7faz le8ayet wa2taha""",0,1,0%,3
tilewa,0,1,0%,3
yasser al dosari,0,1,0%,3
تللاو,0,1,0%,3
كم عمر اسرار الدوسري,0,1,0%,3
وهو صغير,0,1,0%,3
الحصري,0,1,0%,4
الشيخ ماهر المعقيلي,0,1,0%,4
فاطمة كشرى,0,1,0%,4
فاطمة كشري,0,1,0%,4
ha,0,1,0%,5
الدويسري,0,1,0%,5
تلاول,0,1,0%,5
تللوا,0,1,0%,5
sheikh mahir,0,1,0%,6
sheikh muaiqly,0,1,0%,6
telawar,0,1,0%,6
ماهر المعيقلي,0,1,0%,6
maher al-muaiqly saudi quran reciter biography official,0,1,0%,7
القبلاة,0,1,0%,7
ثبلة,0,1,0%,7
عبد الباسط عبد الصمد quran reciter biography,0,1,0%,7
mahmoud khalil al-hussary egyptian quran reciter biography birth death,0,1,0%,8
اتچاه القبله,0,1,0%,8
تیلاو,0,1,0%,8
سعد الغامدي official website,0,1,0%,8
فبلة,0,1,0%,8
ياسر الدوسري بالانجليزي,0,1,0%,8
mahmoud khalil al-husary quran reciter biography,0,1,0%,9
saad al ghamdi born,0,1,0%,9
yasser al dossari origine,0,1,0%,9
الفبلة,0,1,0%,9
سورهس,0,1,0%,9
قبلع,0,1,0%,9
قبله ن,0,1,0%,9
يأسر الدوسري,0,1,0%,9
mishary rashid alafasy official biography kuwaiti quran reciter,0,1,0%,10
mishary rashid alafasy quran reciter biography,0,1,0%,10
surah al khela,0,1,0%,10
yasser al-dosari imam biography,0,1,0%,10
القبله.,0,1,0%,10
تلاوات ياسر الدوسري,0,1,0%,10
موقع تلاوة,0,1,0%,10
abdul rahman al-sudais britannica biography,0,1,0%,11
maher al muaiqly saudi quran reciter biography,0,1,0%,11
mishary rashid alafasy official biography,0,1,0%,11
yasser al dosari ethnicity,0,1,0%,11
اوصله,0,1,0%,11
mishary rashid alafasy biography,0,1,0%,12
sheikh ali hudhaify biography,0,1,0%,12
قبللة,0,1,0%,12
تلاوه,0,1,0%,13
maher al muaiqly biography,0,1,0%,16
where is mishary rashid alafasy from,0,1,0%,16
sheikh mishari rashid al-afasy,0,1,0%,17
al dosary,0,1,0%,18
mishary rashid alafasy,0,1,0%,18
mishary rashid alafasy wiki,0,1,0%,20
rashid mishary,0,1,0%,20
mishary bin rashid alafasy,0,1,0%,24
shvashva,0,1,0%,24
al kahf 110,0,1,0%,26
rashid alafasy,0,1,0%,26
كتب دينية pdf,0,1,0%,26
surah al hashar,0,1,0%,27
الثوب,0,1,0%,27
دعاء قضاء الدين,0,1,0%,29
دعاء تعزية,0,1,0%,30
mishary rashid alafasy nasheed,0,1,0%,31
surah hasr,0,1,0%,31
torahway,0,1,0%,31
قضاء الدين,0,1,0%,31
mishary al afasy,0,1,0%,32
salwa prayer time,0,1,0%,33
tefaw,0,1,0%,33
biografi syaikh yasser al dosari,0,1,0%,34
yasser al dosari kimdir,0,1,0%,34
اوقات شرعی تایباد,0,1,0%,34
surah abasa 1 42,0,1,0%,35
surah al ra d,0,1,0%,35
talwria,0,1,0%,35
dossary,0,1,0%,36
surah al mutaffifin 1 36,0,1,0%,36
telwa,0,1,0%,36
وفيكم بارك الله,0,1,0%,36
aldosari,0,1,0%,37
surah wallail,0,1,0%,37
telavu,0,1,0%,37
talwa,0,1,0%,38
دعاء اتيان الزوجه,0,1,0%,38
hashr surah,0,1,0%,39
mishary al-afasy wife,0,1,0%,39
sura abasa,0,1,0%,40
surah e abas,0,1,0%,40
surah al balad,0,1,0%,41
sura al tawba,0,1,0%,42
quran surah al hashr,0,1,0%,43
te wā,0,1,0%,43
surah abbasa,0,1,0%,44
surah hashr in which para,0,1,0%,44
الكتب الإسلامية,0,1,0%,44
quran al hashr,0,1,0%,45
sourat masad,0,1,0%,45
abasa watawalla,0,1,0%,46
surah 13,0,1,0%,46
surah abbas,0,1,0%,46
surah saba,0,1,0%,46
surat at taubah,0,1,0%,46
tilawah in arabic,0,1,0%,46
tolwa,0,1,0%,46
تلاه,0,1,0%,46
how old is alafasy,0,1,0%,47
sura tauba,0,1,0%,47
tala gareva,0,1,0%,47
alafasy country,0,1,0%,48
surah shu'ara,0,1,0%,48
yaseen,0,1,0%,48
surah al-abasa,0,1,0%,49
surah at takweer,0,1,0%,49
surah at takwir,0,1,0%,49
what is the first surah in the quran,0,1,0%,49
لبسوا,0,1,0%,49
surah al takwir,0,1,0%,50
al hashr surah,0,1,0%,51
at taubah,0,1,0%,51
فالاك,0,1,0%,52
surah absa,0,1,0%,53
surah takwir,0,1,0%,53
jathiya,0,1,0%,54
at tawba,0,1,0%,55
azzukhruf,0,1,0%,55
surah al-mutaffifin full,0,1,0%,55
surah rad,0,1,0%,55
surah zumar,0,1,0%,55
دعاء لبس جديد,0,1,0%,55
zukhruf meaning,0,1,0%,56
دعاء دخول القبر,0,1,0%,56
fussilat surah,0,1,0%,57
prayer time liwa,0,1,0%,57
دعاء اللبس الثوب الجديد,0,1,0%,57
دعاء لبس الثوب,0,1,0%,57
surah tauba,0,1,0%,58
surah tawbah,0,1,0%,58
دعاء لبس الثوب الجديد,0,1,0%,58
surah alhashr,0,1,0%,59
surah al mulk arabic text,0,1,0%,60
surah al-mutaffifin translation,0,1,0%,60
surah mutafifin,0,1,0%,60
surah toba,0,1,0%,61
'abasa,0,1,0%,62
اتجاه القبله الطائف,0,1,0%,62
az zukhruf,0,1,0%,63
quran wa hadith,0,1,0%,63
taveel,0,1,0%,63
qamar,0,1,0%,64
surah abasa full image,0,1,0%,64
surat al mutaffifin,0,1,0%,64
ra. d,0,1,0%,65
surah al zukhruf,0,1,0%,65
az zumar,0,1,0%,66
surah ash shu'ara,0,1,0%,67
ta ha,0,1,0%,70
موعد اذان الفجر تلا,0,1,0%,72
surah maryam read online,0,1,0%,73
at tawbah,0,1,0%,75
اتجاه القبلة الان,0,1,0%,76
first surah in the quran,0,1,0%,79
the first surah of the quran,0,1,0%,81
tilawa,0,1,0%,81
tilawa coran definition,0,1,0%,81
فضل سبحان الله والحمد لله ولا إله إلا الله والله أكبر,0,1,0%,82
al a'laa,0,1,0%,83
surah al a'laa,0,1,0%,87
surah al hadid 57:3,0,1,0%,87
first surah to be revealed,0,1,0%,90
fajr time in wah cantt,0,1,0%,93
كتب الحديث pdf,0,1,0%,94